"country","value","year"
"Australia",209.9396263,"2011"
"Austria",335.9970775,"2011"
"France",357.6877718,"2009"
"Germany",345.9334645,"2011"
"Ireland",761.7549715,"2010"
"Italy",226.3972065,"2009"
"Japan",191.5636393,"2011"
"Portugal",299.9279297,"2011"
"Russia",71.3423144,"2011"
"Spain",297.9541248,"2009"
"Switzerland",482.5694268,"2011"
"United Kingdom",535.1261652,"2011"
"USA",84.1124446,"2011"
